Brand,Nome,Prezzo,Link
Lacertosus,Pro Power Rack + Lat Machine,2318 €,https://www.lacertosus.com/it/948-pro-power-rack-lat-machine.html
Lacertosus,Half Rack PRO Complete Set,1529.1 €,https://www.lacertosus.com/it/2616-half-rack-pro-complete-set.html
Lacertosus,Rack Pieghevole Complete Set,1620 €,https://www.lacertosus.com/it/1361-rack-pieghevole-complete-set.html
Lacertosus,Panca Regolabile Pro Black,475 €,https://www.lacertosus.com/it/548-panca-regolabile-pro-black.html
Lacertosus,Panca Regolabile Pieghevole Pro,345 €,https://www.lacertosus.com/it/1137-panca-regolabile-pieghevole.html
Fitshop,Benvenuti da Fitshop Group,N/A,https://www.fitshop.it/su-fitshop
Fitshop,Informazioni legali,N/A,https://www.fitshop.it/informazioni-legali
Fitshop,Siamo a tua disposizione nei seguenti paese e lingue,N/A,https://www.fitshop.it/fitshop-group-in-europa
Fitshop,Fitshop Condizioni di consegna,N/A,https://www.fitshop.it/condizioni-di-consegna
Fitshop,Fitshop Group - N. 1 in Europa per il fitness domestico,N/A,https://www.fitshop.it/panoramica-delle-filiali
